{
  "x": [
    1320,
    1320,
    1320,
    1320,
    1320,
    1320,
    1320,
    1320,
    1320,
    1320,
    1320,
    1320,
    1319,
    1319,
    1319,
    1318,
    1318,
    1318,
    1318
  ],
  "y": [
    702,
    702,
    704,
    704,
    707,
    707,
    710,
    712,
    713,
    715,
    718,
    719,
    721,
    722,
    724,
    725,
    725,
    727,
    727
  ],
  "t": [
    5211,
    5219,
    5227,
    5234,
    5243,
    5251,
    5259,
    5267,
    5275,
    5283,
    5290,
    5299,
    5307,
    5315,
    5323,
    5330,
    5339,
    5347,
    5355
  ],
  "ideal_distance": 25.079872407968907,
  "actual_distance": 25.650281539872886,
  "original_length": 61,
  "extracted_length": 19,
  "leading_removed": 19,
  "trailing_removed": 25,
  "processing": "Movement period extraction (leading/trailing stationary removed, all else preserved)"
}