{
  "x": [
    1281,
    1281,
    1283,
    1284,
    1287,
    1289,
    1292,
    1295,
    1298,
    1299,
    1302,
    1302,
    1304,
    1305,
    1305,
    1307,
    1307,
    1308,
    1308,
    1308,
    1308,
    1310,
    1310,
    1310,
    1310,
    1310,
    1310,
    1310
  ],
  "y": [
    670,
    670,
    670,
    670,
    670,
    670,
    671,
    671,
    673,
    673,
    673,
    673,
    673,
    673,
    674,
    674,
    674,
    674,
    676,
    676,
    676,
    676,
    676,
    676,
    676,
    676,
    677,
    677
  ],
  "t": [
    3243,
    3251,
    3259,
    3266,
    3275,
    3283,
    3291,
    3299,
    3306,
    3315,
    3323,
    3331,
    3339,
    3347,
    3355,
    3362,
    3371,
    3379,
    3386,
    3395,
    3403,
    3411,
    3418,
    3427,
    3435,
    3443,
    3451,
    3458
  ],
  "ideal_distance": 29.832867780352597,
  "actual_distance": 33.767828935632366,
  "original_length": 66,
  "extracted_length": 28,
  "leading_removed": 15,
  "trailing_removed": 25,
  "processing": "Movement period extraction (leading/trailing stationary removed, all else preserved)"
}