{
  "x": [
    1257,
    1257,
    1259,
    1262,
    1263,
    1265,
    1268,
    1269,
    1271,
    1272,
    1274,
    1274,
    1274,
    1274,
    1274,
    1275,
    1275,
    1277,
    1277,
    1277,
    1278,
    1280,
    1280,
    1280,
    1281,
    1281
  ],
  "y": [
    685,
    685,
    685,
    684,
    682,
    681,
    679,
    678,
    676,
    676,
    676,
    675,
    675,
    673,
    673,
    673,
    673,
    673,
    673,
    672,
    672,
    670,
    670,
    670,
    670,
    670
  ],
  "t": [
    2354,
    2363,
    2371,
    2379,
    2387,
    2395,
    2403,
    2411,
    2419,
    2427,
    2434,
    2443,
    2451,
    2458,
    2467,
    2475,
    2483,
    2491,
    2499,
    2506,
    2514,
    2523,
    2531,
    2539,
    2547,
    2555
  ],
  "ideal_distance": 28.30194339616981,
  "actual_distance": 32.31103270249743,
  "original_length": 56,
  "extracted_length": 26,
  "leading_removed": 12,
  "trailing_removed": 20,
  "processing": "Movement period extraction (leading/trailing stationary removed, all else preserved)"
}