{
  "segment_id": 6,
  "timestamp_start": 5377,
  "timestamp_end": 5825,
  "duration_ms": 448,
  "A": {
    "x": 2182,
    "y": 430
  },
  "B": {
    "x": 1718,
    "y": 895
  },
  "C": {
    "x": 1061,
    "y": 895
  },
  "AB": {
    "distance": 656.9025802963481,
    "distance_group": 11,
    "distance_name": "L",
    "angle_deg": 134.93832534189053,
    "orientation": "SW",
    "orientation_id": 5
  },
  "BC": {
    "distance": 657.0,
    "distance_group": 11,
    "distance_name": "L",
    "angle_deg": 180.0,
    "orientation": "W",
    "orientation_id": 6
  },
  "turn": {
    "angle_deg": 45.06167465810946,
    "category": "slight_right"
  },
  "trajectory": {
    "length": 58,
    "x": [
      2180,
      2188,
      2195,
      2201,
      2206,
      2209,
      2212,
      2213,
      2213,
      2213,
      2213,
      2215,
      2215,
      2215,
      2215,
      2215,
      2215,
      2212,
      2209,
      2206,
      2202,
      2200,
      2197,
      2194,
      2188,
      2178,
      2166,
      2152,
      2131,
      2109,
      2083,
      2061,
      2034,
      2005,
      1977,
      1950,
      1926,
      1908,
      1890,
      1878,
      1867,
      1855,
      1846,
      1837,
      1830,
      1822,
      1816,
      1810,
      1804,
      1797,
      1789,
      1782,
      1773,
      1762,
      1752,
      1741,
      1732,
      1732
    ],
    "y": [
      452,
      443,
      436,
      427,
      419,
      413,
      407,
      403,
      398,
      395,
      394,
      394,
      394,
      394,
      394,
      394,
      394,
      394,
      395,
      396,
      398,
      399,
      401,
      402,
      407,
      416,
      426,
      440,
      458,
      479,
      506,
      533,
      566,
      602,
      641,
      675,
      710,
      738,
      770,
      794,
      816,
      836,
      852,
      869,
      881,
      891,
      899,
      903,
      908,
      912,
      914,
      917,
      918,
      918,
      918,
      918,
      918,
      918
    ],
    "timestamps": [
      5377,
      5385,
      5393,
      5401,
      5409,
      5417,
      5425,
      5433,
      5441,
      5449,
      5457,
      5465,
      5473,
      5481,
      5489,
      5497,
      5505,
      5513,
      5521,
      5529,
      5537,
      5545,
      5553,
      5561,
      5569,
      5577,
      5585,
      5593,
      5601,
      5609,
      5617,
      5625,
      5633,
      5641,
      5649,
      5657,
      5665,
      5673,
      5681,
      5689,
      5697,
      5705,
      5713,
      5721,
      5729,
      5737,
      5745,
      5753,
      5761,
      5769,
      5777,
      5785,
      5793,
      5801,
      5809,
      5817,
      5825,
      5825
    ]
  }
}